StudentID,FirstName,LastName,Class,Term,Math,English,Science,History,Attendance (%),ProjectScore,Passed (Y/N),IncomeStudent,Cohort,Track
1079.0,Emma,White,11A,2,62.0,79.0,75.0,43.0,79.9,66.0,Y,1.0,25-26,Data
1115.0,Alice,Martin,10A,2,62.0,55.0,67.0,81.0,88.0,61.0,Y,0.0,26-27,Data
1172.0,Daniel,White,12A,1,99.0,79.0,81.0,79.0,85.9,80.0,Y,0.0,27-28,Data
1063.0,Elijah,Lee,12A,1,65.0,75.0,88.0,75.0,,71.0,Y,0.0,25-26,Data
1053.0,Benjamin,Morgan,11B,1,60.0,37.0,88.0,78.0,77.5,68.0,Y,0.0,25-26,Data
1131.0,Noah,Lee,11B,1,85.0,99.0,72.0,84.0,93.8,94.0,Y,1.0,25-26,Data
1164.0,Ava,Taylor,11A,1,76.0,84.0,66.0,73.0,93.0,99.0,Y,0.0,27-28,Data
1198.0,Daniel,Taylor,11A,1,40.0,49.0,78.0,64.0,100.0,50.0,N,1.0,27-28,Data
1004.0,Ethan,Morgan,12A,2,82.0,89.0,64.0,79.0,87.7,76.0,Y,1.0,27-28,Data
1156.0,Ava,Harris, 10B,1,,62.0,55.0,56.0,73.8,52.0,N,1.0,25-26,Data
1001.0,James,White,12A,2,83.0,77.0,75.0,89.0,97.2,72.0,Y,0.0,26-27,Data
1081.0,Emma,Martin,10B,2,100.0,90.0,76.0,52.0,73.1,98.0,Y,0.0,27-28,Data
1098.0,Lucas,Brown,10A,1,64.0,70.0,84.0,77.0,85.5,72.0,Y,0.0,25-26,Data
1152.0,Amelia,Walker,12A,1,94.0,94.0,95.0,66.0,62.2,77.0,Y,1.0,27-28,Data
1083.0,Harper,Lee,10B,2,58.0,55.0,87.0,51.0,74.6,79.0,Y,1.0,25-26,Data
1085.0,Benjamin,Lee,10B,2,59.0,40.0,69.0,69.0,85.5,53.0,N,0.0,27-28,Data
1082.0,Ava,Johnson,12A,1,95.0,65.0,60.0,86.0,81.5,95.0,Y,1.0,26-27,Data
1163.0,Daniel,Morgan,11A,2,88.0,68.0,75.0,73.0,87.8,63.0,Y,0.0,25-26,Data
1045.0,Lucas,Smith,10A,1,68.0,58.0,57.0,,98.1,61.0,Y,0.0,26-27,Data
1121.0,Benjamin,Smith,10A,2,47.0,65.0,83.0,51.0,90.0,58.0,Y,0.0,26-27,Data
1159.0,Elijah,Harris,10B,1,41.0,77.0,80.0,88.0,84.1,80.0,Y,1.0,26-27,Data
1022.0,Isabella,White,12B,1,89.0,42.0,74.0,68.0,83.0,67.0,Y,1.0,25-26,Data
1039.0,Sophia,Johnson,10B,2,53.0,53.0,52.0,48.0,75.1,50.0,N,1.0,25-26,Data
1057.0,Alice,Morgan,11B,2,59.0,72.0,72.0,81.0,90.0,66.0,Y,0.0,27-28,Data
1065.0,Benjamin,Taylor,11A,1,98.0,82.0,90.0,70.0,76.5,77.0,Y,0.0,26-27,Data
1199.0,Olivia,Harris,12A,1,83.0,67.0,65.0,75.0,92.5,58.0,Y,0.0,27-28,Data
1030.0,Amelia,Harris,10A,2,69.0,68.0,,60.0,100.0,63.0,Y,1.0,25-26,Data
1191.0,Mia,Smith,10A,2,46.0,88.0,72.0,97.0,87.8,69.0,Y,0.0,27-28,Data
1113.0,Liam,Lee,12A,1,94.0,100.0,97.0,96.0,81.3,83.0,Y,0.0,25-26,Data
1138.0,Amelia,Brown, 11B,1,69.0,58.0,73.0,68.0,77.0,68.0,Y,0.0,25-26,Data
1015.0,James,Walker,12A,2,83.0,100.0,56.0,52.0,88.0,59.0,Y,0.0,25-26,Data
1059.0,Daniel,Brown,10A,1,83.0,68.0,84.0,88.0,74.3,84.0,Y,1.0,27-28,Data
1038.0,Olivia,Walker,11B,2,61.0,76.0,84.0,72.0,78.2,84.0,Y,1.0,27-28,Data
1130.0,Lucas,Martin,10A,2,81.0,44.0,70.0,59.0,81.8,62.0,Y,0.0,27-28,Data
1142.0,Emma,Brown,10B,1,67.0,69.0,64.0,38.0,84.7,57.0,N,0.0,27-28,Data
1003.0,Emma,Johnson,10A,1,85.0,97.0,55.0,100.0,69.6,90.0,Y,0.0,26-27,Data
1100.0,Olivia,Brown,12A,1,72.0,100.0,82.0,90.0,78.5,72.0,Y,1.0,26-27,Data
1154.0,Isabella,Taylor,12A,1,100.0,97.0,80.0,65.0,87.1,86.0,Y,0.0,25-26,Data
1023.0,Benjamin,Walker,11B,1,64.0,65.0,62.0,80.0,,77.0,Y,0.0,25-26,Data
1125.0,Alice,Lee,10A,2,100.0,47.0,71.0,47.0,83.7,55.0,Y,0.0,25-26,Data
1178.0,Isabella,Walker,10B,1,53.0,84.0,49.0,71.0,71.7,82.0,Y,1.0,26-27,Data
1087.0,Ethan,Taylor,10B,2,86.0,46.0,73.0,81.0,82.7,71.0,Y,0.0,27-28,Data
1112.0,Mia,White,12B,1,100.0,85.0,92.0,63.0,80.9,88.0,Y,0.0,27-28,Data
1123.0,Mia,Taylor,12B,2,60.0,55.0,66.0,64.0,74.6,59.0,Y,0.0,27-28,Data
1061.0,Liam,Brown,11A,2,75.0,87.0,81.0,80.0,78.0,66.0,Y,0.0,25-26,Data
1149.0,Sophia,Taylor,11A,2,42.0,82.0,51.0,72.0,62.0,63.0,Y,0.0,25-26,Data
1033.0,James,Taylor,12A,2,91.0,92.0,,55.0,91.9,77.0,Y,0.0,26-27,Data
1197.0,Benjamin,Johnson,11B,2,55.0,43.0,62.0,76.0,99.6,71.0,N,0.0,27-28,Data
1019.0,Lucas,Morgan,10A,1,85.0,86.0,78.0,68.0,74.0,88.0,Y,0.0,27-28,Data
1024.0,Ava,Walker,12A,1,55.0,89.0,62.0,83.0,85.3,80.0,Y,0.0,25-26,Data
1062.0,James,Martin,11A,1,90.0,55.0,86.0,94.0,82.6,70.0,Y,0.0,27-28,Data
1120.0,Evelyn,Brown,12B,1,72.0,41.0,100.0,62.0,94.1,67.0,Y,0.0,26-27,Data
1137.0,Noah,Morgan,10A,1,73.0,70.0,56.0,63.0,93.6,69.0,Y,0.0,26-27,Data
1150.0,Evelyn,Martin,12A,1,85.0,88.0,88.0,88.0,80.6,76.0,Y,1.0,26-27,Data
1060.0,Noah,Martin,12A,1,65.0,88.0,86.0,79.0,76.1,94.0,Y,0.0,27-28,Data
1102.0,Amelia,Taylor,11B,1,78.0,78.0,60.0,92.0,87.9,83.0,Y,1.0,27-28,Data
1146.0,James,Johnson,11B,1,63.0,67.0,63.0,77.0,84.6,83.0,Y,0.0,27-28,Data
1176.0,Ethan,Brown,10B,1,71.0,73.0,54.0,67.0,98.0,68.0,Y,0.0,27-28,Data
1017.0,Evelyn,Johnson,11B,2,61.0,59.0,60.0,45.0,68.8,59.0,N,0.0,26-27,Data
1020.0,Logan,Smith,12B,1,82.0,68.0,68.0,100.0,77.9,71.0,Y,1.0,26-27,Data
1054.0,Ethan,Walker,11B,1,50.0,49.0,51.0,47.0,87.3,50.0,N,0.0,25-26,Data
1073.0,James,Lee,11B,2,56.0,76.0,74.0,59.0,81.2,78.0,Y,0.0,27-28,Data
1051.0,Amelia,Lee,11B,1,57.0,89.0,86.0,64.0,85.8,87.0,Y,0.0,25-26,Data
1048.0,Sophia,Harris,11B,1,86.0,70.0,52.0,64.0,70.9,68.0,Y,0.0,26-27,Data
1046.0,Elijah,Smith,12A,2,81.0,90.0,80.0,69.0,72.9,85.0,Y,1.0,26-27,Data
1072.0,Ethan,Harris,12A,1,70.0,78.0,87.0,87.0,85.0,73.0,Y,0.0,25-26,Data
1128.0,Logan,Johnson,11A,1,69.0,62.0,70.0,66.0,73.3,63.0,Y,0.0,27-28,Data
1182.0,Isabella,Brown,12A,2,92.0,51.0,73.0,61.0,,69.0,Y,0.0,25-26,Data
1139.0,Harper,White,12B,1,84.0,,96.0,60.0,86.1,63.0,Y,0.0,25-26,Data
1200.0,Lucas,Harris,11B,2,100.0,80.0,60.0,75.0,90.9,80.0,Y,0.0,26-27,Data
1118.0,Amelia,Johnson,11A,1,34.0,87.0,84.0,71.0,77.7,71.0,Y,1.0,27-28,Data
1119.0,Mia,Johnson,10A,1,63.0,76.0,52.0,72.0,69.7,76.0,Y,0.0,25-26,Data
1086.0,James,Brown,12B,2,67.0,100.0,71.0,67.0,86.7,85.0,Y,0.0,26-27,Data
1044.0,Emma,Morgan,10B,1,31.0,67.0,51.0,46.0,81.9,58.0,N,0.0,25-26,Data
1167.0,Logan,Lee,10A,1,72.0,82.0,100.0,98.0,73.1,80.0,Y,1.0,26-27,Data
1088.0,Noah,Harris,11A,2,55.0,63.0,76.0,73.0,87.0,80.0,Y,0.0,26-27,Data
1165.0,Mason,Morgan,10B,1,52.0,42.0,61.0,50.0,78.6,52.0,N,1.0,25-26,Data
1101.0,Logan,Walker,10A,1,32.0,100.0,76.0,54.0,60.0,67.0,Y,0.0,25-26,Data
1091.0,Harper,Harris,10B,2,65.0,76.0,68.0,65.0,78.5,78.0,Y,0.0,27-28,Data
1168.0,Alice,Johnson,10B,1,74.0,67.0,65.0,68.0,85.6,65.0,Y,0.0,26-27,Data
1036.0,Liam,Smith,12B,1,72.0,49.0,86.0,93.0,100.0,82.0,Y,1.0,25-26,Data
1187.0,Daniel,Martin,12A,2,94.0,60.0,86.0,91.0,91.1,76.0,Y,0.0,25-26,Data
1189.0,Emma,Lee,12B,2,98.0,88.0,68.0,89.0,72.5,100.0,Y,0.0,25-26,Data
1035.0,Mason,Walker,10B,2,96.0,81.0,60.0,63.0,82.4,80.0,Y,0.0,26-27,Data
1104.0,Sophia,White,12A,1,79.0,74.0,49.0,84.0,77.1,61.0,Y,1.0,25-26,Data
1169.0,Elijah,Martin,10B,1,52.0,72.0,73.0,67.0,85.9,62.0,Y,1.0,26-27,Data
1192.0,Benjamin,Brown,10A,1,74.0,60.0,84.0,,75.7,68.0,Y,0.0,25-26,Data
1108.0,Amelia,Martin,11A,2,67.0,83.0,69.0,97.0,89.2,76.0,Y,0.0,27-28,Data
1070.0,Daniel,Johnson,11B,1,67.0,57.0,55.0,52.0,85.3,72.0,N,0.0,26-27,Data
1097.0,Evelyn,Morgan,11B,2,62.0,83.0,41.0,71.0,90.1,56.0,Y,0.0,26-27,Data
1052.0,Lucas,Johnson,11A,2,84.0,35.0,80.0,94.0,97.3,69.0,Y,0.0,25-26,Data
1177.0,Liam,Taylor,10A,2,54.0,54.0,73.0,88.0,75.2,71.0,Y,1.0,27-28,Data
1007.0,Liam,Harris,12A,1,100.0,84.0,64.0,63.0,88.1,60.0,Y,0.0,25-26,Data
1014.0,Sophia,Martin,10A,2,68.0,82.0,94.0,83.0,96.0,80.0,Y,1.0,25-26,Data
1107.0,Alice,Walker,10A,2,59.0,46.0,44.0,75.0,75.3,67.0,N,0.0,27-28,Data
1171.0,Ethan,Martin,10A,2,78.0,87.0,57.0,91.0,82.7,85.0,Y,0.0,27-28,Data
1093.0,Harper,Taylor,10B,2,60.0,84.0,62.0,79.0,60.0,50.0,Y,0.0,27-28,Data
1173.0,Lucas,Lee,12B,1,91.0,70.0,73.0,68.0,87.4,86.0,Y,0.0,27-28,Data
1161.0,Ethan,Johnson,11A,1,71.0,94.0,81.0,66.0,99.1,67.0,Y,0.0,26-27,Data
1049.0,Evelyn,Harris,10B,1,78.0,100.0,13.0,34.0,85.7,65.0,N,0.0,26-27,Data
1144.0,Evelyn,Lee,12A,1,89.0,75.0,69.0,91.0,100.0,72.0,Y,0.0,27-28,Data
1012.0,Sophia,Smith,12A,2,100.0,82.0,70.0,78.0,65.9,79.0,Y,0.0,25-26,Data
1055.0,Emma,Harris,10B,2,100.0,47.0,40.0,52.0,79.7,67.0,N,1.0,25-26,Data
1068.0,Ethan,White,10B,1,51.0,65.0,72.0,55.0,73.7,64.0,Y,0.0,25-26,Data
1071.0,Olivia,Lee,12A,1,64.0,81.0,70.0,77.0,87.5,90.0,Y,0.0,25-26,Data
1031.0,Lucas,White,12B,1,60.0,77.0,100.0,82.0,73.3,88.0,Y,0.0,25-26,Data
,Elijah,Browner,12A,2,71.0,83.0,86.0,100.0,65.4,77.0,Y,0.0,25-26,Data
1006.0,Sophia,Lee,12B,1,73.0,84.0,59.0,88.0,68.1,63.0,Y,0.0,25-26,Data
1043.0,Liam,White,11A,1,76.0,65.0,88.0,87.0,100.0,82.0,Y,1.0,25-26,Data
1066.0,Harper,Smith,10A,2,33.0,58.0,93.0,62.0,69.0,50.0,Y,1.0,27-28,Data
1026.0,Harper,Walker,10B,2,71.0,53.0,81.0,46.0,92.0,68.0,Y,0.0,27-28,Data
1157.0,Liam,Johnson,10B,2,81.0,81.0,100.0,36.0,69.0,73.0,Y,1.0,26-27,Data
1184.0,Lucas,Taylor,12A,1,73.0,96.0,68.0,75.0,77.9,98.0,Y,0.0,26-27,Data
1194.0,Ava,Brown,11B,2,60.0,31.0,88.0,56.0,97.2,65.0,N,0.0,26-27,Data
1135.0,Mason,Smith,11A,2,48.0,84.0,82.0,76.0,81.1,76.0,Y,0.0,27-28,Data
1179.0,Olivia,Johnson,11A,1,98.0,71.0,90.0,71.0,91.8,82.0,Y,0.0,27-28,Data
1186.0,Elijah,White,11A,2,67.0,79.0,80.0,86.0,93.8,68.0,Y,0.0,27-28,Data
1114.0,Emma,Smith,11B,2,57.0,92.0,88.0,77.0,,67.0,Y,0.0,25-26,Data
1133.0,Logan,Harris,12A,1,69.0,81.0,91.0,46.0,84.7,75.0,Y,0.0,25-26,Data
1158.0,Evelyn,Smith,12B,2,64.0,79.0,70.0,83.0,80.9,68.0,Y,0.0,25-26,Data
1126.0,Alice,Smith,12B,1,53.0,65.0,74.0,72.0,94.9,65.0,Y,0.0,25-26,Data
1140.0,Ava,Morgan,11B,2,92.0,83.0,75.0,45.0,73.8,65.0,Y,1.0,26-27,Data
1116.0,Noah,Johnson,12A,1,65.0,,63.0,90.0,78.7,84.0,Y,0.0,26-27,Data
1195.0,James,Smith,11B,2,71.0,82.0,74.0,100.0,79.2,75.0,Y,0.0,27-28,Data
1029.0,Noah,Brown,11B,1,66.0,51.0,57.0,74.0,89.6,61.0,Y,0.0,25-26,Data
1124.0,Daniel,Lee,11B,2,72.0,77.0,58.0,91.0,82.9,88.0,Y,0.0,26-27,Data
1009.0,Emma,Walker,11B,1,61.0,48.0,66.0,60.0,89.1,65.0,N,1.0,26-27,Data
1162.0,Liam,Morgan,12A,1,92.0,96.0,87.0,56.0,97.1,88.0,Y,0.0,27-28,Data
1155.0,Mia,Morgan,12A,2,70.0,60.0,77.0,95.0,96.4,83.0,Y,0.0,27-28,Data
1188.0,Mason,Martin,10A,2,85.0,79.0,80.0,59.0,98.1,76.0,Y,0.0,25-26,Data
1084.0,James,Harris,10B,2,89.0,51.0,68.0,75.0,98.1,80.0,Y,1.0,25-26,Data
1092.0,Lucas,Walker,12A,2,82.0,59.0,86.0,100.0,90.3,89.0,Y,0.0,25-26,Data
1111.0,Daniel,Harris,10A,2,100.0,63.0,80.0,45.0,79.4,59.0,Y,0.0,26-27,Data
1174.0,Ava,Martin,12B,1,78.0,90.0,76.0,78.0,80.5,100.0,Y,1.0,25-26,Data
1183.0,Liam,Martin,12A,2,99.0,70.0,84.0,97.0,87.8,83.0,Y,0.0,27-28,Data
1042.0,Mason,Lee,10B,1,62.0,67.0,46.0,64.0,85.8,66.0,N,0.0,25-26,Data
1011.0,Olivia,Smith,11A,1,49.0,78.0,100.0,91.0,70.6,75.0,Y,0.0,26-27,Data
1040.0,Harper,Morgan,11B,1,60.0,66.0,70.0,73.0,91.3,68.0,Y,1.0,26-27,Data
1056.0,Mason,Harris,11A,1,70.0,78.0,82.0,83.0,88.6,93.0,Y,0.0,25-26,Data
1010.0,Evelyn,White,10B,1,60.0,93.0,53.0,68.0,77.3,70.0,Y,0.0,26-27,Data
1058.0,Logan,Morgan,10A,1,,66.0,75.0,88.0,90.8,55.0,Y,1.0,27-28,Data
1153.0,Isabella,Martin,10A,1,66.0,44.0,66.0,57.0,87.8,61.0,N,0.0,27-28,Data
1180.0,Liam,Walker,10B,1,71.0,67.0,74.0,71.0,96.6,62.0,Y,0.0,25-26,Data
1005.0,Benjamin,Harris,12A,2,65.0,83.0,51.0,66.0,99.6,60.0,Y,0.0,27-28,Data
1008.0,Isabella,Lee,11A,2,88.0,58.0,85.0,83.0,85.0,59.0,Y,1.0,27-28,Data
1075.0,Harper,Brown,10B,2,68.0,60.0,62.0,67.0,80.6,66.0,Y,0.0,25-26,Data
1105.0,Mason,Johnson,10A,2,74.0,51.0,81.0,85.0,90.4,69.0,Y,0.0,25-26,Data
1041.0,Ethan,Lee,10B,2,43.0,65.0,39.0,71.0,75.9,73.0,N,0.0,27-28,Data
1078.0,Emma,Taylor,10B,2,75.0,51.0,43.0,81.0,91.0,60.0,Y,0.0,25-26,Data
1099.0,Ava,White,12A,2,68.0,75.0,73.0,64.0,67.0,75.0,Y,1.0,27-28,Data
1147.0,Elijah,Morgan,10A,1,78.0,47.0,59.0,66.0,96.7,57.0,Y,1.0,26-27,Data
1027.0,Noah,White,10B,2,82.0,42.0,70.0,86.0,95.3,73.0,Y,0.0,26-27,Data
1064.0,Olivia,White,11B,1,69.0,67.0,81.0,74.0,92.1,65.0,Y,1.0,27-28,Data
1094.0,Noah,Taylor,12A,1,76.0,47.0,74.0,85.0,85.6,79.0,Y,0.0,26-27,Data
1117.0,Mia,Martin,10A,2,74.0,68.0,68.0,89.0,85.2,56.0,Y,0.0,27-28,Data
1136.0,Mia,Lee,11B,1,53.0,45.0,77.0,85.0,84.8,59.0,Y,1.0,26-27,Data
1145.0,Ethan,Smith,11A,1,70.0,100.0,55.0,85.0,73.1,74.0,Y,1.0,25-26,Data
1166.0,Benjamin,Martin,11B,1,72.0,67.0,62.0,76.0,86.7,73.0,Y,1.0,25-26,Data
1047.0,Olivia,Martin,12A,2,88.0,78.0,90.0,57.0,79.7,76.0,Y,0.0,27-28,Data
1032.0,Olivia,Morgan,12B,1,84.0,57.0,91.0,73.0,72.7,82.0,Y,0.0,25-26,Data
1034.0,Noah,Walker,10B,1,61.0,63.0,67.0,64.0,100.0,50.0,Y,0.0,25-26,Data
1090.0,Ava,Smith,11B,2,82.0,42.0,46.0,54.0,82.0,50.0,N,0.0,27-28,Data
1110.0,Mason,Taylor,10B,1,68.0,76.0,62.0,70.0,84.4,50.0,Y,1.0,27-28,Data
1002.0,Alice,Brown,12A,1,97.0,81.0,68.0,97.0,,89.0,Y,0.0,26-27,Data
1067.0,Elijah,Taylor,10A,2,58.0,69.0,60.0,71.0,100.0,70.0,Y,0.0,27-28,Data
1127.0,Logan,Martin,12A,1,78.0,100.0,94.0,61.0,79.9,85.0,Y,0.0,27-28,Data
1016.0,Mason,White,12B,2,44.0,85.0,78.0,63.0,79.7,77.0,Y,0.0,26-27,Data
1021.0,Olivia,Taylor,12B,1,77.0,90.0,70.0,53.0,79.1,85.0,Y,0.0,25-26,Data
1106.0,James,Morgan,11A,1,79.0,77.0,91.0,71.0,72.2,82.0,Y,0.0,26-27,Data
1069.0,Harper,Johnson,11A,2,72.0,64.0,69.0,73.0,93.4,53.0,Y,0.0,27-28,Data
1095.0,Amelia,White,11A,1,68.0,49.0,70.0,68.0,81.3,59.0,Y,1.0,26-27,Data
1103.0,Sophia,Walker,10B,1,71.0,56.0,63.0,53.0,87.8,79.0,Y,0.0,27-28,Data
1129.0,Mia,Walker,11A,1,66.0,84.0,83.0,78.0,97.1,50.0,Y,1.0,26-27,Data
1181.0,Logan,White,10B,1,60.0,71.0,58.0,72.0,80.5,53.0,Y,0.0,26-27,Data
1050.0,Logan,Taylor,10A,2,61.0,53.0,57.0,74.0,92.8,52.0,Y,0.0,25-26,Data
1089.0,Alice,Harris,10A,2,41.0,90.0,88.0,78.0,100.0,85.0,Y,0.0,25-26,Data
1160.0,Elijah,Johnson,12A,1,80.0,89.0,64.0,92.0,94.2,72.0,Y,0.0,27-28,Data
1193.0,Sophia,Brown,12A,2,64.0,72.0,77.0,84.0,91.4,68.0,Y,0.0,26-27,Data
1196.0,Alice,Taylor,12B,2,90.0,82.0,100.0,58.0,85.4,77.0,Y,1.0,27-28,Data
1077.0,Noah,Smith,11A,2,91.0,87.0,87.0,73.0,90.7,100.0,Y,0.0,25-26,Data
1076.0,Sophia,Morgan,12A,2,94.0,77.0,80.0,87.0,96.7,76.0,Y,0.0,25-26,Data
1096.0,Isabella,Smith,12A,2,71.0,72.0,83.0,81.0,75.1,68.0,Y,0.0,26-27,Data
1170.0,Benjamin,White,11B,2,62.0,65.0,95.0,54.0,100.0,64.0,Y,0.0,26-27,Data
1028.0,Evelyn,Walker,12A,1,58.0,76.0,74.0,92.0,86.1,75.0,Y,0.0,27-28,Data
1151.0,Amelia,Smith,11B,1,64.0,52.0,58.0,67.0,76.3,50.0,Y,1.0,25-26,Data
1185.0,Amelia,Morgan,12B,1,71.0,90.0,100.0,73.0,77.2,100.0,Y,0.0,25-26,Data
1074.0,Isabella,Morgan,12B,2,72.0,61.0,83.0,77.0,89.6,68.0,Y,0.0,25-26,Data
1109.0,Mia,Harris,11B,1,76.0,98.0,50.0,76.0,78.1,87.0,Y,1.0,25-26,Data
1134.0,Harper,Martin,10A,2,100.0,73.0,81.0,60.0,83.3,68.0,Y,1.0,26-27,Data
1132.0,Isabella,Johnson,11B,2,80.0,63.0,65.0,91.0,92.6,83.0,Y,0.0,26-27,Data
1190.0,Mason,Brown,11B,1,83.0,69.0,84.0,60.0,80.0,75.0,Y,0.0,27-28,Data
1013.0,Alice,White,12B,2,90.0,76.0,95.0,91.0,94.8,90.0,Y,0.0,26-27,Data
1018.0,Mia,Brown,12A,2,100.0,78.0,71.0,100.0,90.6,90.0,Y,0.0,27-28,Data
1175.0,Daniel,Smith,12A,2,73.0,59.0,77.0,87.0,77.0,71.0,Y,0.0,27-28,Data
1025.0,Daniel,Walker,11B,1,68.0,87.0,80.0,76.0,78.8,67.0,Y,0.0,25-26,Data
1037.0,Isabella,Harris,12A,2,73.0,65.0,88.0,46.0,86.0,91.0,Y,0.0,26-27,Data
1080.0,Evelyn,Taylor,10A,2,70.0,74.0,71.0,100.0,82.6,72.0,Y,0.0,26-27,Data
1148.0,Elijah,Walker,11B,1,84.0,62.0,,74.0,76.4,72.0,Y,0.0,25-26,Data
1122.0,Logan,Brown,10A,2,82.0,73.0,67.0,45.0,100.0,71.0,Y,1.0,26-27,Data
1141.0,Ava,Lee,11A,1,73.0,70.0,60.0,97.0,75.1,79.0,Y,0.0,27-28,Data
2079.0,Mia,Taylor,11B,1,98.9,55.2,67.6,59.5,82.5,40.2,Y,0.0,26-27,Finance
2115.0,Ethan,Martin,10B,1,84.3,95.0,99.4,46.9,98.0,52.7,Y,0.0,26-27,Finance
2172.0,Ava,Martin,12B,1,83.9,90.3,66.9,92.3,81.0,90.6,Y,0.0,25-26,Finance
2063.0,Sophia,Harris,11B,1,97.0,31.4,32.6,51.3,63.5,54.9,Y,0.0,27-28,Finance
2053.0,Noah,Johnson,12B,1,99.8,45.5,59.1,68.7,73.7,59.1,Y,,26-27,Finance
2131.0,Alice,Brown,11B,1,38.7,32.7,40.8,52.4,60.1,41.3,N,0.0,25-26,Finance
2164.0,Olivia,Smith,10B,1,,48.0,57.6,50.1,81.6,60.7,Y,0.0,26-27,Finance
2198.0,Evelyn,Walker,10B,1,98.8,33.3,45.3,88.1,71.4,69.8,Y,0.0,26-27,Finance
2004.0,Logan,Smith,10B,2,33.9,66.0,53.2,99.4,99.1,51.2,Y,1.0,27-28,Finance
2156.0,James,Martin,11B,1,63.2,70.4,90.0,85.8,67.9,56.3,Y,0.0,26-27,Finance
2001.0,Benjamin,Smith,12B,1,60.5,88.9,88.9,70.8,65.0,80.5,Y,0.0,25-26,Finance
2081.0,Olivia,Harris,11B,2,78.1,66.2,85.2,78.1,86.9,64.9,Y,1.0,27-28,Finance
2098.0,Isabella,Brown,12B,1,33.4,59.2,84.4,39.1,86.7,92.0,Y,1.0,25-26,Finance
2152.0,Daniel,Smith,11B,1,69.9,35.1,58.9,36.6,61.3,98.4,Y,1.0,25-26,Finance
2083.0,Liam,Martin,12B,1,38.6,70.5,,36.1,68.5,54.2,N,1.0,25-26,Finance
2085.0,Ethan,Brown,10B,1,55.4,82.6,34.1,96.6,98.1,52.0,Y,0.0,25-26,Finance
2082.0,Emma,Lee,12B,1,55.6,38.1,90.5,37.8,76.1,95.8,Y,1.0,26-27,Finance
2163.0,Olivia,Martin,11B,2,62.0,74.8,34.8,37.1,65.8,48.6,Y,1.0,27-28,Finance
2045.0,Sophia,Morgan,10B,1,56.6,47.6,54.7,52.4,97.5,74.9,Y,0.0,25-26,Finance
2121.0,Harper,Harris,10B,2,64.1,89.3,52.8,78.8,98.4,74.8,Y,1.0,25-26,Finance
2159.0,Noah,Harris,10B,1,46.7,99.2,43.8,44.5,83.2,67.3,Y,1.0,27-28,Finance
2022.0,James,Smith,11B,2,33.5,32.8,50.0,65.7,99.6,73.7,N,0.0,25-26,Finance
2039.0,Isabella,Walker,11B,1,68.1,48.1,46.0,97.2,97.8,99.6,Y,0.0,26-27,Finance
2057.0,Harper,Taylor,12B,2,48.7,83.6,41.3,85.1,80.9,57.0,Y,0.0,26-27,Finance
2065.0,Olivia,White,12B,1,36.1,91.9,55.4,60.3,82.9,78.6,Y,0.0,27-28,Finance
2199.0,Benjamin,White,12B,1,77.0,57.3,95.0,65.6,80.4,44.7,Y,1.0,26-27,Finance
2030.0,Elijah,Harris,10B,2,90.3,93.1,50.6,44.3,62.6,49.4,Y,0.0,26-27,Finance
2191.0,Mason,White,12B,2,92.4,75.9,62.5,63.9,97.1,61.4,Y,0.0,26-27,Finance
2113.0,Sophia,Smith,10B,1,42.2,36.4,53.3,44.9,97.8,55.2,N,1.0,27-28,Finance
2138.0,Elijah,Smith,12B,2,54.2,81.0,56.3,59.0,80.7,77.8,Y,1.0,27-28,Finance
2015.0,Lucas,Taylor,12B,1,60.9,96.4,46.0,73.1,94.0,76.3,Y,0.0,26-27,Finance
2059.0,Alice,Johnson,10B,1,39.0,73.3,45.0,54.2,97.7,43.9,Y,0.0,27-28,Finance
2038.0,Ethan,White,10B,1,50.1,39.6,42.1,78.7,90.4,58.2,Y,1.0,25-26,Finance
2130.0,Isabella,Morgan,12B,2,31.4,95.7,87.3,69.0,65.3,98.8,Y,0.0,26-27,Finance
2142.0,Logan,White,10B,2,67.9,94.6,89.0,74.5,,45.4,Y,1.0,25-26,Finance
2003.0,Olivia,Morgan,11B,2,64.0,39.4,33.7,89.2,70.8,50.5,Y,0.0,26-27,Finance
2100.0,Lucas,Walker,11B,1,83.6,58.1,69.5,92.0,98.3,66.1,Y,0.0,27-28,Finance
2154.0,Elijah,Smith,11B,2,48.0,66.5,57.7,49.7,80.1,79.9,Y,0.0,26-27,Finance
2023.0,Mia,Harris,10B,1,37.8,35.4,91.5,64.9,93.2,60.7,Y,1.0,25-26,Finance
2125.0,Logan,White,12B,1,32.2,59.1,89.7,79.9,91.4,96.7,Y,1.0,27-28,Finance
2178.0,Isabella,Johnson,11B,2,30.0,32.7,76.6,66.2,93.1,71.7,Y,1.0,27-28,Finance
2087.0,Isabella,Walker,11B,1,88.4,43.5,49.8,31.5,86.8,98.7,Y,0.0,26-27,Finance
2112.0,Logan,Brown,10B,1,43.1,60.6,86.2,87.6,71.8,61.8,Y,0.0,25-26,Finance
2123.0,Lucas,Morgan,10B,1,88.6,52.9,79.8,92.4,85.0,56.5,Y,1.0,27-28,Finance
2061.0,Alice,Smith,11B,1,54.9,85.2,65.4,93.7,63.7,90.9,Y,0.0,27-28,Finance
2149.0,Alice,Johnson,10B,2,90.1,44.2,41.9,49.2,82.9,48.4,Y,0.0,25-26,Finance
2033.0,Alice,Martin,12B,1,56.2,62.7,52.3,75.0,99.5,64.9,Y,0.0,26-27,Finance
2197.0,Mia,Smith,12B,2,84.3,,57.0,47.7,87.1,76.2,Y,1.0,27-28,Finance
2019.0,Alice,Smith,12B,1,99.9,38.1,77.3,68.2,78.5,75.7,Y,1.0,26-27,Finance
2024.0,Ava,Lee,12B,1,30.6,34.7,55.6,,77.2,63.2,N,1.0,27-28,Finance
2062.0,Amelia,Morgan,12B,2,69.1,99.1,47.5,47.4,73.8,71.9,Y,1.0,26-27,Finance
2120.0,Olivia,Johnson,12B,2,87.7,78.9,98.1,34.8,77.7,69.7,Y,1.0,25-26,Finance
2137.0,Mason,Harris,11B,2,39.7,79.0,76.2,94.8,75.4,90.5,Y,0.0,27-28,Finance
2150.0,Logan,Lee,10B,1,71.0,63.8,83.8,78.9,79.2,84.3,Y,0.0,25-26,Finance
2060.0,Daniel,Martin,10B,1,43.2,77.1,40.6,35.8,88.1,92.7,N,1.0,26-27,Finance
2102.0,Amelia,Brown,12B,1,40.9,38.3,55.0,94.6,96.1,85.5,Y,0.0,26-27,Finance
2146.0,Noah,Brown,10B,2,73.4,45.3,98.3,31.1,93.0,81.7,Y,1.0,26-27,Finance
2176.0,Ava,Walker,11B,2,54.3,91.9,74.6,74.8,87.0,44.5,Y,1.0,27-28,Finance
2017.0,Ava,Martin,10B,2,72.7,50.3,35.0,70.6,67.8,77.9,Y,0.0,25-26,Finance
2020.0,Ethan,Martin,11B,2,97.2,84.3,74.6,48.2,63.1,60.4,Y,0.0,26-27,Finance
2054.0,Amelia,Johnson,10B,1,82.0,96.0,57.9,53.3,91.6,50.3,Y,0.0,25-26,Finance
2073.0,Alice,White,12B,1,45.1,78.1,67.8,60.2,70.2,55.6,Y,0.0,27-28,Finance
2051.0,Liam,Lee,12B,2,79.1,58.9,37.8,36.4,62.1,97.1,Y,1.0,25-26,Finance
2048.0,Isabella,Taylor,11B,1,46.1,68.8,67.4,64.8,65.9,82.6,Y,0.0,26-27,Finance
2046.0,James,Brown,12B,2,75.3,88.0,44.0,43.9,75.8,78.0,Y,0.0,27-28,Finance
2072.0,Evelyn,Lee,12B,2,49.0,96.0,86.5,59.3,65.8,53.9,Y,0.0,25-26,Finance
2128.0,Sophia,Martin,10B,2,31.7,45.2,40.8,97.3,77.6,61.3,Y,0.0,25-26,Finance
2182.0,Benjamin,Harris,11B,2,71.0,67.7,59.0,99.2,70.3,93.5,Y,1.0,27-28,Finance
2139.0,Harper,Lee,10B,2,61.0,91.0,35.4,95.8,70.6,66.1,Y,1.0,27-28,Finance
2200.0,Logan,Morgan,12B,1,52.0,82.0,34.4,41.5,95.7,45.4,Y,0.0,27-28,Finance
2118.0,Logan,Harris,11B,2,,42.8,70.8,81.0,86.0,74.2,Y,0.0,26-27,Finance
2119.0,Olivia,Martin,10B,2,39.2,46.1,67.5,93.5,68.3,80.5,Y,0.0,25-26,Finance
2086.0,Emma,Brown,10B,1,77.1,63.1,75.8,68.5,75.1,86.5,Y,0.0,27-28,Finance
2044.0,Olivia,Harris,12B,1,65.8,72.3,48.4,41.5,85.0,54.5,Y,1.0,27-28,Finance
2167.0,Emma,Taylor,10B,2,56.0,76.7,66.8,53.7,88.2,61.6,Y,1.0,27-28,Finance
2088.0,Mia,White,10B,1,56.3,85.6,32.1,39.8,62.0,58.0,Y,0.0,26-27,Finance
2165.0,Mia,Walker,11B,1,40.2,92.1,65.0,45.3,73.6,74.0,Y,0.0,26-27,Finance
2101.0,Isabella,White,11B,2,44.7,43.9,87.9,66.0,88.9,84.5,Y,0.0,27-28,Finance
2091.0,Isabella,Walker,10B,2,68.2,80.6,70.0,32.1,76.5,42.8,Y,0.0,25-26,Finance
2168.0,Evelyn,Harris,12B,1,32.3,69.2,81.0,44.2,96.4,86.9,Y,0.0,27-28,Finance
2036.0,James,Walker,12B,2,99.8,50.5,82.1,40.0,62.4,91.7,Y,1.0,25-26,Finance
2187.0,Ethan,Martin,10B,2,95.7,36.6,81.7,48.4,96.2,70.8,Y,0.0,26-27,Finance
2189.0,Alice,Harris,10B,2,89.0,78.2,80.9,69.6,61.8,83.0,Y,0.0,26-27,Finance
2035.0,Alice,Lee,11B,1,91.2,34.9,59.8,48.9,96.9,40.4,Y,1.0,27-28,Finance
2104.0,Logan,Johnson,12B,1,31.3,50.5,66.1,43.7,85.1,63.1,N,1.0,26-27,Finance
2169.0,Isabella,White,11B,2,83.3,68.1,83.7,81.3,62.7,56.3,Y,1.0,25-26,Finance
2192.0,Noah,Lee,12B,2,59.2,66.2,59.0,84.6,73.1,44.2,Y,1.0,26-27,Finance
2108.0,Ethan,Taylor,10B,1,48.5,,95.9,82.9,,85.3,Y,1.0,26-27,Finance
2070.0,Lucas,Smith,12B,1,55.5,38.2,68.4,39.7,64.3,53.5,Y,0.0,25-26,Finance
2097.0,James,Brown,10B,1,91.4,32.2,43.6,75.5,68.9,68.1,Y,0.0,26-27,Finance
2052.0,Olivia,Lee,12B,2,71.7,63.1,75.7,82.1,69.1,46.5,Y,1.0,26-27,Finance
2177.0,Liam,Brown,10B,2,,79.2,,49.2,70.0,69.3,Y,0.0,25-26,Finance
2007.0,Harper,Morgan,11B,2,40.1,62.4,83.5,99.5,95.7,77.4,Y,1.0,25-26,Finance
2014.0,Isabella,Morgan,12B,1,35.8,50.9,63.9,73.2,87.3,55.2,Y,1.0,27-28,Finance
2107.0,Olivia,White,11B,1,90.7,75.4,93.0,43.2,82.7,88.9,Y,1.0,25-26,Finance
2171.0,Olivia,Smith,12B,1,89.6,44.2,63.9,53.6,84.8,83.4,Y,0.0,26-27,Finance
2093.0,Mia,White,10B,1,36.5,87.8,48.2,92.8,82.2,46.0,Y,1.0,25-26,Finance
2173.0,Benjamin,Lee,12B,2,57.9,61.4,52.7,49.6,69.9,44.4,Y,1.0,27-28,Finance
2161.0,Isabella,Martin,12B,1,77.0,56.3,49.0,79.4,88.4,57.4,Y,0.0,27-28,Finance
2049.0,Evelyn,Johnson,11B,2,74.8,31.0,74.9,46.1,77.4,40.4,Y,1.0,27-28,Finance
2144.0,Noah,Morgan,12B,1,72.3,76.6,86.8,39.1,81.3,98.7,Y,0.0,26-27,Finance
2012.0,Evelyn,Brown,12B,2,73.8,40.2,90.5,75.0,83.7,67.0,Y,1.0,27-28,Finance
2055.0,Lucas,Walker,10B,1,67.0,90.7,61.5,49.2,97.0,86.6,Y,0.0,27-28,Finance
2068.0,Sophia,Johnson,10B,2,81.3,34.1,57.1,63.8,61.9,70.9,Y,0.0,27-28,Finance
2071.0,Daniel,White,12B,1,52.8,44.8,34.9,71.7,86.8,83.1,Y,1.0,27-28,Finance
2031.0,Mia,Martin,12B,2,55.8,70.4,43.3,33.8,64.3,77.8,Y,1.0,27-28,Finance
1000.0,Ethan,Smith,10B,2,66.2,97.7,59.0,87.8,69.8,95.3,Y,1.0,27-28,Finance
2006.0,Isabella,Brown,10B,2,42.6,73.7,56.0,52.5,66.4,47.0,Y,0.0,25-26,Finance
2043.0,Evelyn,Morgan,10B,2,59.0,38.2,68.3,67.1,81.9,70.3,Y,0.0,26-27,Finance
2066.0,Noah,Harris,11B,1,32.9,63.1,76.9,95.7,65.7,65.9,Y,1.0,26-27,Finance
2026.0,Harper,White,12B,1,56.1,95.7,86.9,97.2,75.4,88.2,Y,1.0,27-28,Finance
2157.0,Liam,Harris,10B,1,87.5,64.9,79.6,56.9,67.6,53.3,Y,0.0,25-26,Finance
2184.0,Mia,Taylor,12B,1,65.5,55.2,79.4,51.5,75.3,64.2,Y,0.0,25-26,Finance
2194.0,Emma,Taylor,12B,2,71.0,46.9,72.7,33.4,75.5,74.5,Y,0.0,25-26,Finance
2135.0,Sophia,Lee,10B,1,87.1,59.7,91.5,54.0,86.5,55.9,Y,1.0,27-28,Finance
2179.0,Harper,Smith,12B,1,73.2,80.5,69.3,51.0,97.2,66.7,Y,1.0,26-27,Finance
2186.0,Ava,Taylor,10B,2,33.6,45.5,74.2,85.0,86.1,76.8,Y,1.0,26-27,Finance
2114.0,Logan,Walker,10B,2,90.6,95.9,42.6,52.4,64.4,62.5,Y,1.0,25-26,Finance
2133.0,Mason,Harris,12B,1,63.4,60.8,56.2,58.3,65.4,69.4,Y,0.0,26-27,Finance
2158.0,Evelyn,Taylor,10B,2,82.6,73.2,65.1,77.7,64.2,89.2,Y,1.0,25-26,Finance
2126.0,Benjamin,Taylor,12B,2,84.2,38.3,94.1,93.9,71.7,60.5,Y,0.0,25-26,Finance
2140.0,Daniel,Harris,11B,1,44.1,89.6,89.5,87.1,83.5,45.7,Y,1.0,25-26,Finance
2116.0,Emma,Walker,11B,1,53.1,45.3,51.6,79.7,83.6,81.6,Y,1.0,26-27,Finance
2195.0,Emma,Taylor,10B,2,38.0,58.1,52.3,71.1,70.1,53.7,Y,0.0,27-28,Finance
2029.0,Alice,Harris,11B,2,33.2,55.4,58.0,92.9,97.5,58.8,Y,1.0,26-27,Finance
2124.0,Daniel,Johnson,12B,1,66.9,59.2,83.1,79.4,79.1,91.0,Y,0.0,27-28,Finance
2009.0,Logan,Lee,12B,2,66.8,73.6,71.7,49.5,81.0,63.1,Y,0.0,25-26,Finance
2162.0,Mason,Walker,10B,2,62.8,41.8,77.6,63.8,84.1,46.4,Y,1.0,26-27,Finance
2155.0,Mason,Smith,12B,1,81.5,90.0,88.1,52.8,65.8,45.3,Y,0.0,26-27,Finance
2188.0,Evelyn,Lee,12B,2,84.8,39.1,50.5,67.6,,74.1,Y,1.0,27-28,Finance
2084.0,Alice,Harris,11B,1,31.4,77.1,69.0,89.8,66.3,76.2,Y,1.0,27-28,Finance
2092.0,Mason,Johnson,10B,2,93.1,39.1,44.0,31.8,81.5,85.0,Y,1.0,26-27,Finance
2111.0,James,Smith,11B,2,32.2,98.5,37.9,66.1,62.0,75.7,Y,1.0,26-27,Finance
2174.0,Evelyn,Lee,10B,2,73.1,46.0,95.6,52.7,82.4,60.7,Y,1.0,27-28,Finance
2183.0,Ava,Taylor,11B,2,85.6,35.0,75.4,51.1,77.3,45.7,Y,0.0,26-27,Finance
2042.0,Noah,Brown,12B,1,61.8,87.6,69.6,99.4,85.9,62.9,Y,0.0,27-28,Finance
2011.0,Isabella,White,10B,1,80.0,64.5,76.6,83.5,88.4,87.5,Y,1.0,27-28,Finance
2040.0,Emma,Taylor,10B,1,48.1,49.3,84.8,67.5,67.2,40.6,Y,0.0,26-27,Finance
2056.0,Ava,Walker,12B,2,35.0,,79.1,33.0,76.9,40.7,Y,1.0,27-28,Finance
2010.0,Ethan,Lee,10B,2,33.3,58.4,86.2,83.6,90.1,40.2,Y,0.0,26-27,Finance
2058.0,Noah,Harris,12B,2,56.6,53.9,93.1,62.5,73.1,49.2,Y,1.0,27-28,Finance
2153.0,Ava,Walker,11B,1,39.7,97.7,56.3,51.0,60.7,93.8,Y,1.0,26-27,Finance
2180.0,Noah,White,10B,1,85.9,88.2,56.2,36.3,74.4,89.5,Y,0.0,27-28,Finance
2005.0,Logan,Morgan,12B,1,57.6,82.3,48.8,49.9,63.7,96.8,Y,1.0,27-28,Finance
2008.0,James,Walker,10B,1,65.2,94.7,51.6,54.2,93.0,74.6,Y,0.0,27-28,Finance
2075.0,Emma,Morgan,12B,2,34.3,52.8,64.6,43.3,71.2,58.2,N,1.0,26-27,Finance
2105.0,Sophia,Harris,11B,1,52.1,33.8,88.1,55.2,81.1,71.7,Y,1.0,25-26,Finance
2041.0,Amelia,Morgan,11B,1,46.2,40.8,90.0,65.0,78.0,53.8,Y,1.0,26-27,Finance
2078.0,Mason,Lee,11B,1,64.7,32.0,52.5,51.0,92.2,87.5,Y,0.0,27-28,Finance
2099.0,Lucas,White,11B,1,87.2,86.1,48.4,80.5,61.7,88.7,Y,1.0,27-28,Finance
2147.0,Daniel,Brown,12B,2,100.0,82.0,63.0,68.6,62.0,87.4,Y,1.0,27-28,Finance
2027.0,Daniel,Brown,12B,1,54.1,98.8,76.2,63.3,69.6,88.1,Y,0.0,25-26,Finance
2064.0,Benjamin,Morgan,10B,1,91.6,77.6,86.4,40.2,83.8,90.4,Y,1.0,26-27,Finance
2094.0,Mia,Morgan,10B,1,46.4,97.8,86.9,84.5,91.0,76.6,Y,1.0,25-26,Finance
2117.0,Mia,Harris,12B,2,32.9,68.9,76.3,44.2,75.0,40.6,Y,0.0,25-26,Finance
2136.0,Ava,Johnson,12B,2,70.2,55.8,49.7,54.0,89.9,85.7,Y,0.0,27-28,Finance
2145.0,Logan,Brown,10B,2,36.3,98.0,79.9,77.7,68.8,83.1,Y,1.0,27-28,Finance
2166.0,Alice,Taylor,12B,1,43.0,36.9,78.5,76.5,78.3,70.6,Y,0.0,26-27,Finance
2047.0,Mia,Brown,12B,1,44.8,93.1,72.7,51.4,86.9,60.4,Y,0.0,26-27,Finance
2032.0,Elijah,Walker,11B,2,33.3,37.8,90.5,31.1,63.4,85.2,N,1.0,26-27,Finance
2034.0,Emma,Smith,10B,2,30.3,49.5,77.6,55.5,99.3,75.8,Y,1.0,25-26,Finance
2090.0,Ava,Morgan,12B,1,50.0,59.9,44.2,93.7,79.8,89.7,Y,1.0,27-28,Finance
2110.0,Sophia,Martin,10B,1,93.4,69.9,54.8,40.0,90.4,55.7,Y,1.0,25-26,Finance
2002.0,Emma,Brown,12B,2,96.9,82.7,87.9,63.8,95.3,85.4,Y,1.0,25-26,Finance
2067.0,Alice,Harris,10B,1,,78.5,48.2,77.1,90.6,47.0,Y,0.0,26-27,Finance
2127.0,Emma,Harris,10B,2,55.5,86.5,89.2,75.7,91.1,48.0,Y,0.0,25-26,Finance
2016.0,Ethan,Brown,10B,2,84.1,63.2,55.1,92.8,78.9,84.8,Y,1.0,25-26,Finance
2021.0,Mia,Taylor,12B,1,84.8,92.2,40.1,51.8,81.5,82.2,Y,0.0,27-28,Finance
2106.0,Evelyn,White,10B,2,81.6,58.1,74.4,70.7,79.5,47.9,Y,1.0,25-26,Finance
2069.0,Mia,Brown,12B,1,88.9,36.9,92.0,75.5,66.1,81.4,Y,1.0,26-27,Finance
2095.0,Ava,Walker,12B,2,62.9,64.3,48.5,35.6,76.2,96.9,Y,1.0,27-28,Finance
2103.0,Benjamin,Morgan,11B,2,62.1,34.9,73.2,40.3,78.5,57.2,Y,1.0,26-27,Finance
2129.0,Amelia,Smith,11B,1,30.2,64.4,88.0,51.4,70.9,48.7,Y,0.0,27-28,Finance
2181.0,Ava,Walker,12B,1,97.2,42.6,77.0,70.4,,57.8,Y,0.0,26-27,Finance
2050.0,Daniel,Taylor,12B,1,59.6,69.4,86.2,72.3,95.5,72.8,Y,0.0,26-27,Finance
2089.0,Benjamin,Taylor,10B,2,84.8,88.7,67.3,77.9,92.6,88.3,Y,0.0,25-26,Finance
2160.0,Emma,Lee,12B,1,61.1,82.7,35.0,94.4,99.7,84.7,Y,0.0,25-26,Finance
2193.0,Ethan,Brown,11B,1,77.9,50.6,92.7,40.6,97.1,69.5,Y,1.0,27-28,Finance
2196.0,Sophia,Martin,12B,1,84.1,41.8,42.2,35.3,73.7,88.5,Y,1.0,26-27,Finance
2077.0,Mason,Smith,10B,1,32.8,53.0,77.9,81.1,92.6,61.3,Y,1.0,27-28,Finance
2076.0,Harper,Walker,12B,1,59.6,58.4,92.4,37.5,80.6,64.3,Y,0.0,27-28,Finance
2096.0,Amelia,Martin,10B,2,47.9,87.6,43.8,75.9,75.4,69.3,Y,1.0,26-27,Finance
2170.0,Isabella,Walker,11B,2,68.1,50.6,33.1,91.0,87.8,60.3,Y,1.0,25-26,Finance
2028.0,Amelia,White,11B,1,38.5,54.5,76.5,78.0,76.1,89.9,Y,1.0,26-27,Finance
2151.0,Ava,Walker,10B,1,74.6,37.8,91.0,85.3,68.7,53.2,Y,0.0,26-27,Finance
2185.0,Elijah,Harris,12B,1,95.3,32.8,70.8,30.7,83.8,83.6,Y,0.0,26-27,Finance
2074.0,Isabella,Morgan,10B,1,95.3,38.9,33.4,32.8,79.6,66.8,Y,0.0,25-26,Finance
2109.0,James,Lee,10B,2,61.8,88.3,99.2,54.8,79.3,52.6,Y,0.0,27-28,Finance
2134.0,James,Morgan,11B,2,58.6,92.6,54.0,51.5,99.1,73.2,Y,1.0,25-26,Finance
2132.0,Noah,Taylor,12B,1,47.6,89.5,84.1,71.4,68.6,75.3,Y,0.0,26-27,Finance
2190.0,Lucas,Morgan,11B,1,75.8,95.4,66.3,47.6,94.7,73.4,Y,1.0,25-26,Finance
2013.0,Sophia,Martin,12B,1,36.0,95.1,69.6,49.3,,86.3,Y,0.0,26-27,Finance
2018.0,Logan,Morgan,11B,2,65.6,96.2,98.3,74.7,92.6,87.8,Y,0.0,25-26,Finance
2175.0,Liam,Martin,12B,2,53.8,77.7,78.9,66.4,76.0,87.4,Y,0.0,25-26,Finance
2025.0,Lucas,Walker,11B,2,82.9,97.6,61.7,33.7,99.0,71.0,Y,0.0,25-26,Finance
2037.0,Mason,Morgan,12B,2,65.2,86.8,44.8,88.9,73.1,95.1,Y,1.0,27-28,Finance
2080.0,Emma,Johnson,10B,2,56.0,52.7,87.8,30.5,81.9,53.3,Y,1.0,26-27,Finance
2148.0,Amelia,Smith,12B,2,38.5,45.2,36.7,57.9,92.4,41.1,N,1.0,27-28,Finance
2122.0,Benjamin,White,11B,1,31.8,88.2,71.4,93.9,78.7,45.9,Y,1.0,27-28,Finance
2141.0,Sophia,Morgan,12B,1,37.5,45.2,68.5,69.6,68.9,89.1,Y,0.0,25-26,Finance
3079.0,Sophia,Martin,12B,1,79.8,83.0,64.0,86.8,87.7,44.9,Y,1.0,26-27,BM
3115.0,Ethan,Walker,10B,1,77.8,37.1,77.3,36.3,79.4,41.3,Y,1.0,25-26,BM
3172.0,Lucas,Harris,12B,1,47.9,55.0,58.4,73.4,87.1,55.4,Y,0.0,27-28,BM
3063.0,Noah,Smith,11B,1,31.0,47.6,71.9,98.9,81.3,84.2,Y,1.0,25-26,BM
3053.0,Evelyn,White,11B,2,70.1,75.2,70.5,73.9,89.3,75.1,Y,0.0,26-27,BM
3131.0,Sophia,Martin,11B,2,46.6,94.3,99.6,49.2,60.4,55.1,Y,1.0,27-28,BM
3164.0,James,White,11B,1,50.4,95.0,45.9,53.3,76.2,91.1,Y,0.0,26-27,BM
3198.0,Sophia,Martin,10B,2,36.8,90.7,52.6,46.6,69.9,80.4,Y,0.0,26-27,BM
3004.0,Emma,White,11B,2,85.8,44.6,81.3,40.1,62.4,60.1,Y,0.0,26-27,BM
3156.0,Olivia,Taylor,11B,2,89.2,94.1,59.2,75.0,86.2,75.9,Y,0.0,26-27,BM
3001.0,Daniel,Brown,10B,2,93.2,91.9,81.8,34.1,96.1,42.9,Y,0.0,27-28,BM
3081.0,Evelyn,Walker,10B,1,57.2,41.5,89.8,49.4,70.1,60.2,Y,0.0,27-28,BM
3098.0,Emma,Lee,12B,1,68.6,46.1,90.8,71.8,60.9,57.5,Y,1.0,27-28,BM
3152.0,Liam,Brown,11B,2,62.4,68.0,40.4,89.5,87.7,89.5,Y,0.0,27-28,BM
3083.0,Olivia,Johnson,10B,2,91.8,58.5,38.4,46.4,84.4,50.4,Y,0.0,26-27,BM
3085.0,James,Smith,11B,2,80.3,76.4,62.1,31.6,61.6,98.3,Y,0.0,25-26,BM
3082.0,James,Morgan,11B,2,53.5,62.7,83.0,39.4,97.9,95.1,Y,0.0,27-28,BM
3163.0,Mia,Lee,12B,1,36.9,38.9,36.9,33.5,72.5,74.8,N,1.0,25-26,BM
3045.0,Benjamin,Morgan,12B,2,70.4,68.6,86.1,45.8,81.3,48.7,Y,0.0,25-26,BM
3121.0,Mason,Walker,12B,1,52.4,99.6,97.7,65.0,89.4,64.5,Y,0.0,27-28,BM
3159.0,Alice,Walker,11B,1,78.3,90.6,92.4,85.8,,61.2,Y,1.0,26-27,BM
3022.0,Harper,Morgan,12B,1,65.0,32.7,48.4,85.0,99.4,53.5,Y,0.0,25-26,BM
3039.0,Ava,Brown,12B,2,62.9,78.6,95.5,30.2,75.0,57.3,Y,0.0,25-26,BM
3057.0,Daniel,Harris,11B,1,49.3,47.0,75.2,35.2,99.2,66.9,Y,0.0,25-26,BM
3065.0,Emma,Walker,11B,2,79.4,58.0,31.2,33.1,72.4,87.5,Y,0.0,26-27,BM
3199.0,Ethan,Taylor,11B,1,41.5,90.0,67.5,74.4,93.0,57.8,Y,0.0,25-26,BM
3030.0,Benjamin,Taylor,12B,1,46.1,45.9,45.4,47.0,80.1,63.8,N,1.0,26-27,BM
3191.0,Emma,Morgan,11B,2,34.1,33.4,82.6,73.2,83.4,56.6,Y,0.0,25-26,BM
3113.0,Olivia,Lee,10B,1,95.2,34.1,45.3,68.0,81.2,55.3,Y,1.0,27-28,BM
3138.0,Mason,Walker,12B,2,99.3,52.9,64.1,85.4,61.6,53.0,Y,0.0,25-26,BM
3015.0,Olivia,Johnson,10B,1,100.0,91.9,50.7,41.3,68.5,69.2,Y,0.0,25-26,BM
3059.0,Evelyn,Morgan,10B,2,51.9,45.6,92.6,86.0,71.0,89.1,Y,0.0,25-26,BM
3038.0,Evelyn,Morgan,10B,2,83.0,31.2,49.5,89.6,95.4,69.6,Y,0.0,27-28,BM
3130.0,Daniel,Johnson,11B,1,76.8,30.5,63.3,46.3,88.6,44.0,Y,0.0,27-28,BM
3142.0,Ava,Smith,10B,1,91.6,89.3,99.8,45.7,73.6,82.2,Y,1.0,27-28,BM
3003.0,Daniel,Martin,11B,1,33.4,77.1,35.0,52.0,98.9,87.6,N,0.0,27-28,BM
3100.0,Lucas,Smith,12B,2,44.1,38.3,95.2,61.8,79.8,47.2,Y,0.0,26-27,BM
3154.0,Sophia,Martin,11B,2,,94.3,34.1,75.7,65.0,72.0,Y,0.0,26-27,BM
3023.0,Logan,Martin,11B,1,97.7,71.1,32.8,58.9,60.3,86.6,Y,0.0,25-26,BM
3125.0,Harper,Lee,12B,2,90.1,52.7,56.4,72.4,61.1,81.5,Y,0.0,27-28,BM
3178.0,James,Johnson,10B,2,60.5,66.6,61.0,46.2,60.9,70.4,Y,1.0,26-27,BM
3087.0,Mason,Johnson,11B,2,74.8,81.9,33.8,59.6,65.4,85.0,Y,1.0,25-26,BM
3112.0,Alice,Walker,10B,2,45.1,39.4,33.5,98.8,67.7,59.0,Y,0.0,26-27,BM
3123.0,Amelia,Taylor,12B,2,58.3,73.6,54.6,72.6,69.9,49.0,Y,1.0,27-28,BM
3061.0,Sophia,Johnson,11B,1,60.3,59.3,36.1,86.9,68.9,74.5,Y,1.0,26-27,BM
3149.0,Elijah,Morgan,11B,1,46.3,54.2,67.6,74.0,65.7,95.9,Y,0.0,26-27,BM
3033.0,Amelia,Martin,10B,1,64.5,70.5,48.8,45.0,64.6,91.8,Y,0.0,25-26,BM
3197.0,Alice,White,11B,2,82.6,35.8,44.9,68.0,81.5,86.5,Y,0.0,27-28,BM
3019.0,Emma,Walker,12B,2,97.0,94.3,77.0,63.5,90.0,87.9,Y,1.0,25-26,BM
3024.0,Elijah,Smith,12B,1,30.8,75.8,64.1,98.6,65.0,97.8,Y,0.0,27-28,BM
3062.0,Sophia,Morgan,12B,2,69.7,37.5,37.0,38.3,64.7,42.5,N,1.0,26-27,BM
3120.0,Harper,Martin,12B,1,51.9,83.9,58.5,96.5,60.5,62.4,Y,1.0,25-26,BM
3137.0,Sophia,Harris,11B,2,79.4,51.8,83.5,64.9,87.4,84.9,Y,0.0,27-28,BM
3150.0,Benjamin,Morgan,12B,2,83.1,30.5,96.6,41.5,74.9,67.1,Y,1.0,25-26,BM
3060.0,Ava,Walker,12B,2,97.5,86.6,68.0,89.9,98.4,92.4,Y,1.0,26-27,BM
3102.0,Alice,Martin,10B,2,71.2,42.2,84.0,,64.6,42.9,Y,1.0,27-28,BM
3146.0,James,Taylor,12B,1,72.5,99.2,46.1,40.2,74.6,69.3,Y,1.0,26-27,BM
3176.0,Harper,White,12B,1,72.1,82.1,59.9,64.9,62.3,89.7,Y,1.0,27-28,BM
3017.0,Amelia,White,12B,1,50.2,60.4,31.9,38.8,91.9,76.5,N,0.0,25-26,BM
3020.0,Emma,Harris,10B,1,33.4,38.1,39.0,95.0,65.0,94.8,Y,1.0,26-27,BM
3054.0,Noah,Smith,11B,1,81.3,43.0,99.3,56.3,91.1,83.7,Y,0.0,26-27,BM
3073.0,Harper,Brown,11B,2,86.2,90.0,56.4,51.0,95.9,99.7,Y,1.0,27-28,BM
3051.0,Olivia,Smith,11B,2,74.1,50.2,87.1,71.4,67.1,52.2,Y,0.0,27-28,BM
3048.0,Harper,Harris,11B,1,93.7,78.9,84.6,90.6,85.0,82.4,Y,0.0,27-28,BM
3046.0,Amelia,Brown,12B,1,59.7,85.9,36.8,89.6,81.8,80.2,Y,1.0,25-26,BM
3072.0,Elijah,Johnson,12B,2,82.4,33.6,33.3,47.0,65.3,45.8,N,1.0,26-27,BM
3128.0,Ava,Lee,10B,1,85.9,52.5,35.7,67.7,69.8,94.9,Y,1.0,26-27,BM
3182.0,Liam,Martin,10B,1,89.3,84.8,46.5,43.0,76.2,72.3,Y,0.0,25-26,BM
3139.0,Ava,Brown,12B,2,62.2,35.9,77.8,73.4,64.0,79.4,Y,0.0,25-26,BM
3200.0,Isabella,Brown,12B,1,84.0,88.5,64.4,51.7,68.7,96.1,Y,0.0,25-26,BM
3118.0,Ava,Taylor,10B,2,75.9,94.6,50.5,60.1,72.3,82.8,Y,1.0,26-27,BM
3119.0,Lucas,Lee,12B,2,36.7,99.1,72.7,98.1,78.9,89.1,Y,1.0,25-26,BM
3086.0,Isabella,Brown,12B,1,71.2,49.6,84.7,65.9,75.3,98.1,Y,0.0,26-27,BM
3044.0,Mia,Johnson,10B,1,75.6,62.2,90.9,46.5,69.3,74.1,Y,0.0,25-26,BM
3167.0,Mason,Johnson,11B,1,,83.2,82.6,96.3,72.6,58.3,Y,1.0,27-28,BM
3088.0,Logan,Taylor,11B,1,92.6,63.3,37.9,36.3,98.8,56.6,Y,0.0,27-28,BM
3165.0,Emma,Smith,11B,1,94.8,93.8,34.4,75.8,93.6,90.6,Y,1.0,27-28,BM
3101.0,Noah,Lee,10B,2,72.0,61.8,82.6,80.2,80.2,54.6,Y,0.0,27-28,BM
3091.0,Amelia,Smith,12B,2,51.9,42.6,72.1,37.3,93.3,68.4,Y,0.0,27-28,BM
3168.0,Mason,Taylor,12B,2,47.7,61.9,45.1,97.9,99.2,52.1,Y,0.0,25-26,BM
3036.0,Sophia,Brown,11B,2,77.6,91.0,44.5,79.8,87.5,79.9,Y,1.0,25-26,BM
3187.0,Logan,Walker,11B,1,82.3,43.5,41.0,43.9,61.2,56.0,Y,0.0,25-26,BM
3189.0,James,Taylor,10B,2,37.2,45.6,57.8,63.5,60.5,55.5,Y,1.0,26-27,BM
3035.0,Liam,Smith,11B,1,50.7,95.5,84.5,59.3,72.6,58.8,Y,1.0,27-28,BM
3104.0,Mia,White,11B,1,32.1,50.8,69.7,42.3,92.0,57.9,N,0.0,26-27,BM
3169.0,Amelia,Martin,12B,1,45.1,82.0,52.4,82.3,66.5,71.4,Y,0.0,27-28,BM
3192.0,Amelia,Morgan,11B,1,78.5,68.9,37.1,32.0,61.8,84.9,Y,1.0,26-27,BM
3108.0,Mia,Taylor,11B,2,72.5,34.0,40.9,54.2,93.6,52.0,Y,0.0,25-26,BM
3070.0,Alice,Smith,10B,1,41.3,90.6,49.9,53.8,62.0,87.8,Y,0.0,25-26,BM
3097.0,Evelyn,Brown,10B,2,45.2,75.7,37.3,52.8,82.8,84.8,Y,1.0,27-28,BM
3052.0,Ethan,Taylor,10B,2,99.5,75.7,68.6,34.3,97.3,62.4,Y,1.0,26-27,BM
3177.0,Elijah,Johnson,12B,2,36.5,46.7,86.4,63.9,78.1,92.7,Y,1.0,25-26,BM
3007.0,Harper,Morgan,10B,2,35.7,72.6,63.2,75.7,82.7,79.3,Y,1.0,25-26,BM
3014.0,Isabella,Lee,12B,1,47.4,58.8,83.1,53.9,67.6,80.0,Y,1.0,27-28,BM
3107.0,Mason,Brown,11B,1,41.3,56.5,71.3,59.3,93.4,86.2,Y,1.0,27-28,BM
3171.0,Amelia,Johnson,12B,1,90.5,88.0,78.5,90.1,92.4,68.0,Y,1.0,25-26,BM
3093.0,Emma,Lee,12B,2,62.4,,92.9,67.7,95.4,84.4,Y,0.0,27-28,BM
3173.0,James,Brown,12B,2,84.0,84.5,52.9,92.5,78.3,74.6,Y,1.0,27-28,BM
3161.0,Emma,Brown,10B,2,46.5,99.2,72.9,71.7,86.5,80.3,Y,0.0,26-27,BM
3049.0,Elijah,Taylor,10B,1,98.7,66.4,62.2,87.9,91.1,77.8,Y,1.0,26-27,BM
3144.0,Benjamin,Taylor,12B,2,93.3,90.7,61.5,85.3,86.7,63.1,Y,1.0,27-28,BM
3012.0,Daniel,Brown,10B,2,96.0,33.0,46.9,88.7,91.4,80.0,Y,1.0,26-27,BM
3055.0,James,Taylor,10B,1,66.4,35.4,39.1,52.4,66.2,54.9,N,0.0,27-28,BM
3068.0,Alice,Taylor,12B,1,67.7,68.9,85.3,59.2,89.9,64.8,Y,1.0,26-27,BM
3071.0,Mia,Johnson,12B,1,92.6,67.7,79.6,38.1,85.6,79.6,Y,1.0,26-27,BM
3031.0,Ava,Johnson,11B,1,48.5,74.0,78.3,42.7,86.4,84.7,Y,0.0,27-28,BM
2000.0,Olivia,White,10B,1,80.7,64.8,96.0,80.7,75.0,58.6,Y,1.0,27-28,BM
3006.0,Sophia,White,10B,1,83.5,88.0,93.2,93.0,90.8,67.9,Y,0.0,25-26,BM
3043.0,Alice,Johnson,12B,2,62.4,58.0,32.7,89.1,77.0,89.3,Y,1.0,26-27,BM
3066.0,Benjamin,Morgan,10B,2,37.7,47.7,87.3,65.0,67.1,64.4,Y,0.0,26-27,BM
3026.0,Ethan,Lee,10B,1,89.4,68.2,72.3,59.4,61.4,69.0,Y,0.0,26-27,BM
3157.0,Harper,Walker,12B,2,43.5,41.1,52.6,82.3,75.2,71.1,Y,0.0,27-28,BM
3184.0,Olivia,Taylor,11B,2,78.1,59.0,98.5,92.4,66.4,70.8,Y,1.0,27-28,BM
3194.0,Ethan,Harris,12B,1,31.1,85.8,90.1,37.0,91.1,91.3,Y,1.0,27-28,BM
3135.0,Sophia,Lee,10B,1,57.0,44.0,65.2,59.6,75.1,97.0,Y,1.0,25-26,BM
3179.0,Olivia,Smith,10B,1,76.3,35.1,85.4,45.5,84.2,98.5,Y,0.0,27-28,BM
3186.0,Sophia,Morgan,12B,2,61.5,60.2,33.2,90.8,88.7,69.1,Y,1.0,26-27,BM
3114.0,Mia,Morgan,11B,1,68.7,87.4,91.0,99.2,85.1,57.3,Y,1.0,25-26,BM
3133.0,Ava,Smith,11B,2,55.8,58.6,95.5,82.7,78.9,55.4,Y,0.0,27-28,BM
3158.0,Mia,Walker,12B,2,60.0,88.0,53.9,92.3,67.0,90.0,Y,1.0,25-26,BM
3126.0,Noah,Walker,10B,2,95.0,92.5,60.8,35.9,80.6,96.0,Y,1.0,26-27,BM
3140.0,Lucas,Johnson,12B,1,48.4,46.2,59.2,58.8,61.0,65.5,Y,0.0,25-26,BM
3116.0,Liam,Johnson,12B,2,49.1,49.7,67.2,74.2,97.0,49.5,Y,1.0,27-28,BM
3195.0,Alice,Morgan,12B,2,62.6,39.6,38.0,37.4,96.6,91.6,N,1.0,25-26,BM
3029.0,Lucas,Lee,11B,1,49.4,60.1,91.9,84.8,95.1,46.0,Y,1.0,27-28,BM
3124.0,Emma,Smith,11B,1,32.5,39.5,59.5,64.4,95.5,79.6,N,1.0,25-26,BM
3009.0,Liam,Brown,11B,1,45.5,55.8,55.4,58.2,75.5,51.0,Y,1.0,27-28,BM
3162.0,Harper,Johnson,11B,2,56.4,68.4,85.5,66.8,99.4,62.9,Y,1.0,26-27,BM
3155.0,Isabella,Lee,10B,2,77.4,62.7,73.2,44.8,69.5,70.3,Y,0.0,26-27,BM
3188.0,Mia,Walker,12B,2,83.4,45.3,60.0,71.4,63.5,65.5,Y,0.0,27-28,BM
3084.0,Lucas,Lee,11B,1,54.3,88.6,77.6,79.5,84.0,52.3,Y,0.0,25-26,BM
3092.0,Ava,Johnson,11B,2,68.7,63.1,61.3,71.7,85.2,70.2,Y,1.0,26-27,BM
3111.0,Daniel,Taylor,11B,2,40.5,59.9,74.3,96.3,75.7,49.1,Y,1.0,27-28,BM
3174.0,James,Martin,10B,1,67.6,94.0,82.2,83.3,97.6,63.0,Y,1.0,25-26,BM
3183.0,Benjamin,Martin,11B,1,64.2,62.2,76.5,69.4,91.1,52.5,Y,1.0,25-26,BM
3042.0,Ava,Harris,10B,1,63.8,30.2,95.4,72.5,65.7,97.7,Y,1.0,25-26,BM
3011.0,Emma,Brown,10B,2,97.2,95.6,96.0,98.0,69.6,55.2,Y,0.0,26-27,BM
3040.0,James,Morgan,10B,1,95.4,59.4,96.5,77.1,86.5,47.1,Y,0.0,27-28,BM
3056.0,Sophia,Brown,12B,2,68.5,95.8,49.8,30.5,74.1,58.4,Y,0.0,26-27,BM
3010.0,Lucas,Martin,12B,2,77.7,52.4,52.5,57.8,64.7,81.9,Y,0.0,26-27,BM
3058.0,Benjamin,Martin,11B,1,34.9,53.8,33.0,63.8,84.4,53.1,N,0.0,27-28,BM
3153.0,Lucas,Walker,12B,1,44.2,62.6,87.3,82.8,85.8,50.9,Y,0.0,27-28,BM
3180.0,Benjamin,Lee,10B,2,36.1,34.8,94.0,58.7,91.1,92.2,Y,0.0,25-26,BM
3005.0,Lucas,Brown,12B,1,44.7,42.8,31.3,43.9,79.4,49.4,N,1.0,26-27,BM
3008.0,Sophia,Morgan,10B,1,32.7,90.1,49.6,71.7,,64.2,Y,1.0,26-27,BM
3075.0,Sophia,Brown,12B,1,49.9,92.4,,74.8,64.7,81.5,Y,0.0,25-26,BM
3105.0,Lucas,White,10B,1,41.6,99.5,61.4,50.9,89.9,42.1,Y,0.0,27-28,BM
3041.0,Sophia,Lee,12B,1,76.4,83.3,75.4,57.1,67.3,75.4,Y,1.0,27-28,BM
3078.0,Sophia,Martin,12B,2,44.1,96.7,35.9,79.4,79.4,64.9,Y,0.0,25-26,BM
3099.0,Evelyn,Harris,11B,2,64.5,93.6,92.1,94.7,81.0,67.4,Y,1.0,25-26,BM
3147.0,Isabella,Morgan,10B,2,95.4,60.6,46.0,70.9,80.0,78.5,Y,0.0,25-26,BM
3027.0,Sophia,Smith,11B,2,,86.0,57.9,31.3,67.8,94.1,Y,0.0,25-26,BM
3064.0,James,Smith,11B,1,31.5,44.0,83.6,57.7,85.7,40.6,Y,0.0,25-26,BM
3094.0,Evelyn,Morgan,12B,1,90.0,59.4,51.8,33.2,73.6,94.9,Y,1.0,27-28,BM
3117.0,Lucas,Martin,10B,2,40.5,61.0,99.8,67.0,94.2,85.7,Y,0.0,26-27,BM
3136.0,Mia,Brown,10B,2,90.4,76.6,71.9,53.0,89.1,92.6,Y,1.0,27-28,BM
3145.0,Amelia,Walker,11B,1,65.1,73.8,87.2,48.9,94.8,50.7,Y,0.0,27-28,BM
3166.0,James,Taylor,11B,1,70.5,59.5,90.3,81.5,63.9,65.2,Y,1.0,26-27,BM
3047.0,James,Harris,12B,1,63.3,88.7,60.3,34.4,96.6,97.2,Y,0.0,27-28,BM
3032.0,Noah,Harris,11B,2,56.3,88.1,39.2,94.9,72.9,59.1,Y,1.0,27-28,BM
3034.0,Mia,Brown,11B,1,41.0,51.5,92.0,72.0,80.9,68.0,Y,0.0,26-27,BM
3090.0,Amelia,Walker,11B,1,97.0,41.5,88.8,78.6,91.7,71.6,Y,0.0,27-28,BM
3110.0,Alice,Brown,11B,1,44.4,55.2,56.9,57.4,99.2,47.9,Y,0.0,26-27,BM
3002.0,Sophia,Brown,12B,1,42.7,43.8,36.9,42.8,78.0,68.6,N,1.0,26-27,BM
3067.0,Ethan,Taylor,10B,1,86.7,36.2,91.1,90.9,68.3,95.0,Y,0.0,27-28,BM
3127.0,Ava,Harris,12B,1,61.5,99.4,99.8,86.8,64.1,96.7,Y,0.0,26-27,BM
3016.0,Isabella,Taylor,11B,2,57.9,55.9,73.7,63.6,91.8,66.0,Y,0.0,27-28,BM
3021.0,Logan,Walker,10B,1,39.1,81.3,40.8,63.8,70.0,56.7,Y,0.0,26-27,BM
3106.0,Liam,Lee,11B,1,88.4,73.3,38.7,90.7,82.6,84.2,Y,0.0,27-28,BM
3069.0,James,Lee,11B,2,88.0,58.7,70.4,37.0,66.0,50.0,Y,0.0,26-27,BM
3095.0,Lucas,White,12B,2,35.1,86.4,70.2,85.0,73.3,92.7,Y,1.0,27-28,BM
3103.0,Mia,Lee,11B,2,41.4,37.5,31.2,42.7,64.8,99.4,N,1.0,27-28,BM
3129.0,Amelia,Morgan,11B,1,82.5,36.3,98.5,94.7,83.8,89.2,Y,0.0,25-26,BM
3181.0,Emma,Taylor,10B,1,66.2,65.4,57.4,32.9,62.2,69.9,Y,1.0,27-28,BM
3050.0,Logan,Taylor,10B,1,93.4,41.4,68.8,98.5,69.9,60.6,Y,0.0,27-28,BM
3089.0,Mia,Taylor,11B,1,76.1,76.7,80.9,74.2,91.8,89.6,Y,0.0,25-26,BM
3160.0,Lucas,Lee,10B,1,61.4,96.9,86.4,66.3,64.8,52.1,Y,1.0,25-26,BM
3193.0,Ava,Walker,11B,1,68.2,50.2,48.8,47.4,68.1,54.1,Y,1.0,25-26,BM
3196.0,Daniel,Morgan,10B,2,47.1,44.9,59.0,47.8,72.1,41.9,N,0.0,27-28,BM
3077.0,Ava,Morgan,11B,1,87.8,34.4,96.2,62.4,,43.4,Y,0.0,27-28,BM
3076.0,Elijah,Martin,10B,1,66.9,63.5,89.0,42.3,90.0,89.2,Y,1.0,25-26,BM
3096.0,Amelia,White,11B,1,44.3,39.0,48.8,46.1,86.0,56.7,N,0.0,26-27,BM
3170.0,Elijah,Martin,12B,1,66.9,65.7,65.9,98.0,67.9,97.2,Y,1.0,26-27,BM
3028.0,Sophia,Walker,11B,1,56.2,95.5,63.9,87.6,83.1,84.3,Y,0.0,26-27,BM
3151.0,Amelia,Taylor,11B,2,33.5,96.7,51.9,50.6,90.6,99.1,Y,0.0,26-27,BM
3185.0,Noah,Brown,12B,1,89.6,54.2,72.9,89.0,89.8,69.9,Y,1.0,25-26,BM
3074.0,Evelyn,Smith,11B,1,55.8,75.8,79.3,72.7,91.7,51.0,Y,1.0,25-26,BM
3109.0,Logan,Morgan,11B,1,45.5,34.6,87.7,78.7,96.8,66.3,Y,1.0,25-26,BM
3134.0,Olivia,Smith,11B,2,31.8,76.9,70.5,32.4,89.4,66.3,Y,0.0,27-28,BM
3132.0,Benjamin,White,10B,1,39.9,61.5,71.1,81.6,68.4,73.1,Y,0.0,27-28,BM
3190.0,Mia,White,10B,1,64.6,52.2,58.6,78.9,78.1,99.4,Y,0.0,25-26,BM
3013.0,Sophia,Harris,12B,1,88.5,61.2,69.3,68.9,62.9,56.0,Y,1.0,26-27,BM
3018.0,Isabella,Harris,11B,1,61.9,52.7,93.0,87.9,60.1,71.4,Y,0.0,26-27,BM
3175.0,Ava,White,12B,2,51.0,48.2,30.3,73.1,77.6,40.2,Y,0.0,26-27,BM
3025.0,Liam,Martin,10B,1,37.7,51.3,76.7,38.1,87.6,73.3,Y,1.0,27-28,BM
3037.0,Harper,Taylor,12B,1,80.3,93.2,67.6,46.8,96.1,88.6,Y,1.0,26-27,BM
3080.0,Mia,Harris,11B,1,62.2,82.5,60.1,55.2,65.7,86.7,Y,1.0,27-28,BM
3148.0,Lucas,Smith,10B,2,77.8,84.5,74.1,79.0,86.9,67.8,Y,1.0,25-26,BM
3122.0,Mia,Taylor,12B,2,39.4,64.2,79.9,30.9,62.8,92.0,Y,1.0,25-26,BM
3141.0,Isabella,Harris,10B,99,53.3,45.4,43.3,40.7,94.0,78.0,N,1.0,26-27,BM
